Reproductive, maternal, newborn, and child health (RMNCH) – General
RMNCH: Maternal health
RMNCH: Sexual and reproductive health
RMNCH: Child health
RMNCH: Immunization
RMNCH: Child nutrition
Communicable and non-communicable diseases
Adolescent and youth health
Public health emergencies
Health communication
Mental health
Health system and health policy
Primary Healthcare and community engagement
Healthcare quality
Pharmaceutical systems
Healthcare financing
Human resource for health
Health information system
Human nutrition and food security
Equity in health
Disability-Inclusive Health and Social Systems